first-k,SMRS,TextRank,FWSR-BM25,FWSR-SIF
0.486856276133631,0.37757463053691653,0.5709033563531885,0.556456353288483,0.4375717517144613
0.5321428571428571,0.4139194139194139,0.5605694980694981,0.5220588235294117,0.46153846153846156
0.47291666666666665,0.33854166666666663,0.5522959183673469,0.5772983114446528,0.3770833333333333
0.33053220816310847,0.23284348201312632,0.4064624471878808,0.40855682771961915,0.23346656480185438
0.3646639305658346,0.2698768197088466,0.42495327102803737,0.39827586206896554,0.2726775956284153
0.32287735849056604,0.19975490196078433,0.38585607940446653,0.4246822397801443,0.21955128205128205
0.46039931958039737,0.3512757756126066,0.5416778954727405,0.5265990087961236,0.40022114672518505
0.5208333333333334,0.4139194139194139,0.5538127413127414,0.5,0.46153846153846156
0.4609797297297298,0.3192090395480226,0.5318877551020409,0.5739329268292683,0.36191860465116277
2.1457672119140625e-06,0.2696821689605713,0.0022928714752197266,0.7098581790924072,0.7277599573135376
66.0,48.0,74.5,83.0,57.5
