first-k,SMRS,TextRank,FWSR-BM25,FWSR-SIF
0.25175713498428315,0.22382447933501132,0.2657380824379163,0.24529767673402286,0.26185870636809183
0.2515266340319889,0.24607442594801948,0.27656591682536724,0.2554635214536801,0.2619413782091497
0.25767062425833215,0.21536228018965417,0.26248492757297837,0.24249254486551786,0.26447505489515777
0.2957315485997443,0.21772786268291522,0.2761098230079566,0.26169453767052275,0.2787745117389525
0.3069336293302743,0.26254892038192706,0.283929131674433,0.271641141471206,0.2988752931517064
0.2922693330704236,0.19780136937419288,0.2775696110129156,0.2667334560167238,0.27261346474664805
0.26422697440281256,0.22249824104897045,0.27232493678207814,0.2572532080858176,0.27197385430261123
0.262509004208072,0.24788516527861082,0.28167215206007457,0.2633131320200794,0.2746574081234698
0.2666081507161439,0.21439833487000245,0.2687178445683745,0.2519862582435086,0.2715798732740565
1.0610671474156126e-06,0.08311671497857828,0.001069040500814711,0.12433474296066158,0.20025744185169952
40.381698825086595,32.80046341136052,42.83734819056848,47.522731402982295,36.188948589313846
