first-k,SMRS,TextRank,FWSR-BM25,FWSR-SIF
0.5222679802951766,0.36692599171280327,0.5130030539175171,0.533836499104084,0.4228960774060944
0.5569329806867469,0.43110809636131076,0.5326781537090215,0.5209750970840756,0.4835925420797756
0.5019430122542793,0.3321412803844735,0.5040616106523401,0.5670868339830747,0.38983314173357775
0.39190824066882607,0.24168736116210618,0.3831868575183126,0.40469499846659984,0.2910012066265659
0.42018678766921025,0.2929914317550163,0.39061147464536333,0.4006649514236111,0.3269549376553239
0.37543161427376487,0.2131279030995454,0.384559045037006,0.4239707870006899,0.2717731590770849
0.4980205438560599,0.33866334322281744,0.4937834311817657,0.5083366597340686,0.3893858259219128
0.5421097904808546,0.42153883692923955,0.5210705337971347,0.5102464127188265,0.4618794883618251
0.48901935312111,0.3237712275078508,0.49403378456769287,0.5521700908652595,0.37522447166955586
2.2792816162109376e-06,0.3164488124847412,0.0025677394866943357,0.7100758028030395,0.7011993169784546
68.28,52.36,79.04,90.7,56.2
